I_ITEM_ID,QUANTITY,LIST_PRICE,COUPON_AMT,SALES_PRICE
AAAAAAAAAAAABAAA,46.649874,73.82313924,146.9001015,33.42640704
AAAAAAAAAAAACAAA,54.622472,82.77903153,129.0333933,37.07497748
AAAAAAAAAAAAEAAA,46.841808,73.60159218,120.1180112,32.66532213
AAAAAAAAAAAAFAAA,50.288952,75.71133523,263.891108,38.24511364
AAAAAAAAAAABAAAA,52.398176,75.16493902,303.63,40.06357798
AAAAAAAAAAABBAAA,47.77135,86.12250689,205.0153995,39.07536986
AAAAAAAAAAABDAAA,49.952113,78.06062147,202.4042535,40.3131728
AAAAAAAAAAABEAAA,49.860104,78.56322997,151.642052,42.03958656
AAAAAAAAAAABGAAA,50.5,73.4551532,115.1230447,33.98134078
AAAAAAAAAAACAAAA,50.171913,77.59338164,555.8523245,36.06502415
AAAAAAAAAAACCAAA,53.235925,72.59129032,124.1282306,36.33101604
AAAAAAAAAAACDAAA,48.261628,81.57304348,148.0431304,38.43186047
AAAAAAAAAAACFAAA,51.065041,81.35804878,187.0493243,41.71792453
AAAAAAAAAAACGAAA,51.667683,75.97993921,160.0929878,38.93258359
AAAAAAAAAAADBAAA,49.474359,71.39181586,236.2272449,35.90086957
AAAAAAAAAAADCAAA,50.553125,75.43323899,163.3032288,35.94742138
AAAAAAAAAAADEAAA,54.035616,74.36366391,251.5372928,35.7840884
AAAAAAAAAAADFAAA,54.194712,71.98769231,239.358753,35.25359712
AAAAAAAAAAAEAAAA,53.222488,66.08489209,157.4157279,32.62705742
AAAAAAAAAAAEBAAA,49.332288,72.72404389,209.7770347,34.16157233
AAAAAAAAAAAEDAAA,47.85865,72.7183617,155.2234043,33.85473573
AAAAAAAAAAAEEAAA,54.320955,67.45228117,137.0920955,32.82084656
AAAAAAAAAAAFAAAA,51.008621,75.61317003,258.5519308,38.87793103
AAAAAAAAAAAFCAAA,45.45288,80.80829843,168.8560368,35.57441253
AAAAAAAAAAAFDAAA,52.123626,74.15430137,157.802548,39.27739726
AAAAAAAAAAAFFAAA,53.913295,73.80479769,229.0123121,38.14344928
AAAAAAAAAAAGBAAA,46.52439,71.35504615,115.2207362,38.0717378
AAAAAAAAAAAGCAAA,51.014634,75.3663017,199.9567397,33.84066176
AAAAAAAAAAAGEAAA,50.494652,69.44379679,138.5497594,35.81745989
AAAAAAAAAAAGFAAA,52.723214,77.78505917,147.0447463,40.10486567
AAAAAAAAAAAHAAAA,51.002611,76.75273438,141.3560156,39.34557592
AAAAAAAAAAAHBAAA,46.656642,68.8498,145.3086783,35.59745
AAAAAAAAAAAHDAAA,42.977925,76.49720879,163.9161589,38.87298013
AAAAAAAAAAAHEAAA,48.827485,71.94655882,205.1490882,35.04337243
AAAAAAAAAAAIAAAA,51.582474,77.61440722,137.6393041,39.91430412
AAAAAAAAAAAICAAA,49.881657,75.02133136,148.2530267,39.60480597
AAAAAAAAAAAIDAAA,53.820779,64.57736434,152.4270985,30.98932642
AAAAAAAAAAAIFAAA,52.641414,77.60142132,166.963731,37.05979695
AAAAAAAAAAAJBAAA,51.34106,71.24569079,136.3499342,36.43503289
AAAAAAAAAAAJCAAA,51.118203,75.10408983,156.6447877,32.88515366
AAAAAAAAAAAJEAAA,53.878963,72.63644509,248.3532948,35.71300578
AAAAAAAAAAAJFAAA,51.361702,77.71364742,171.7025455,36.27195719
AAAAAAAAAAAKAAAA,50.377841,77.78022663,265.8103683,37.83730114
AAAAAAAAAAAKBAAA,44.902314,72.14605128,150.3763683,30.48613402
AAAAAAAAAAAKDAAA,52.912181,74.62519774,145.6348011,36.80325779
AAAAAAAAAAAKEAAA,48.432432,76.64092262,177.6999401,38.09736527
AAAAAAAAAAALAAAA,50.040359,86.62058166,214.5249664,42.70219239
AAAAAAAAAAALCAAA,44.213889,75.3098892,154.9831667,38.51363889
AAAAAAAAAAALDAAA,43.551724,74.06074271,173.7818037,36.30121693
AAAAAAAAAAALFAAA,49.993534,69.11561555,148.2892291,32.23017241
AAAAAAAAAAAMBAAA,47.142077,77.0963388,133.8241257,38.33320548
AAAAAAAAAAAMCAAA,52.369444,73.39355372,161.1409091,38.96964088
AAAAAAAAAAAMEAAA,57.38191,90.21550505,128.0131139,40.57417722
AAAAAAAAAAAMFAAA,52.55493,71.16272472,255.0834832,37.99642254
AAAAAAAAAAANAAAA,54.091133,79.27071429,157.5336029,33.61771499
AAAAAAAAAAANBAAA,47.324786,78.1645584,133.9315759,41.16617564
AAAAAAAAAAANDAAA,51.47698,75.21607011,666.0601289,39.41418048
AAAAAAAAAAANEAAA,56.111872,77.3413242,198.4355708,36.12200913
AAAAAAAAAAAOAAAA,48.424403,71.98742706,132.7688859,33.82018667
AAAAAAAAAAAOCAAA,53.960494,75.54405941,169.6076485,31.22340741
AAAAAAAAAAAODAAA,51.061702,70.34910448,96.62316239,40.03717949
AAAAAAAAAAAOFAAA,53.645408,68.99635204,180.9916113,38.44910714
AAAAAAAAAAAPBAAA,53.084986,77.29586402,169.1773446,38.85920455
AAAAAAAAAAAPCAAA,47.391221,61.15116412,109.6993882,29.67958015
AAAAAAAAAAAPEAAA,48.285714,85.15334677,286.8822984,43.28203629
AAAAAAAAAAAPFAAA,47.253041,65.35878935,167.7961259,30.66497573
AAAAAAAAAABAAAAA,49.688406,62.11014493,145.1963133,32.77342169
AAAAAAAAAABABAAA,51.319018,74.19584098,95.28092025,37.7546319
AAAAAAAAAABADAAA,52.286802,76.68497462,144.0267513,33.34964467
AAAAAAAAAABAEAAA,52.100543,78.15896175,137.3678962,35.2246594
AAAAAAAAAABAGAAA,52.727047,74.60421446,121.463408,38.95166667
AAAAAAAAAABBAAAA,55.564232,86.26722222,243.2406061,32.56231738
AAAAAAAAAABBCAAA,49.618926,68.58240409,135.2781841,34.05372751
AAAAAAAAAABBDAAA,51.595611,77.05169811,162.26725,40.58529781
AAAAAAAAAABBFAAA,44.95122,72.24056604,99.99781081,39.39086957
AAAAAAAAAABBGAAA,49.888535,71.5277492,216.6260703,36.45732258
AAAAAAAAAABCBAAA,58.325926,72.72945545,204.519505,36.94913366
AAAAAAAAAABCCAAA,52.301887,73.04428571,189.1857413,38.98898734
AAAAAAAAAABCEAAA,52.115152,82.15763636,237.5512727,41.59221212
AAAAAAAAAABCFAAA,51.070529,74.83550505,173.4425126,37.84335013
AAAAAAAAAABDAAAA,43.725995,68.3130445,189.3550939,34.31278689
AAAAAAAAAABDBAAA,52.193353,74.84372727,180.8904819,39.83359517
AAAAAAAAAABDDAAA,51.093567,85.9275731,173.4309064,40.64304094
AAAAAAAAAABDEAAA,49.364055,81.9864977,138.9815632,43.56241379
AAAAAAAAAABEAAAA,49.471875,73.19520376,185.25279,35.45811912
AAAAAAAAAABECAAA,48.748908,77.64021882,84.04004367,44.04363239
AAAAAAAAAABEDAAA,50.342939,72.82578035,133.9982948,36.43772989
AAAAAAAAAABEFAAA,52.429975,77.13850123,132.646855,37.92271605
AAAAAAAAAABFBAAA,58.326478,71.23412821,290.0921907,36.34120205
AAAAAAAAAABFCAAA,47.05615,67.4157754,151.7310667,34.99237333
AAAAAAAAAABFEAAA,52.719212,78.31711823,165.6746814,32.38560197
AAAAAAAAAABFFAAA,48.088889,69.3465651,184.4288089,35.15538889
AAAAAAAAAABGAAAA,46.558974,74.33708763,209.7822108,37.21804627
AAAAAAAAAABGBAAA,49.676056,76.57670423,162.8393785,39.96940678
AAAAAAAAAABGDAAA,53.856322,76.37319885,190.4174138,40.45239193
AAAAAAAAAABGEAAA,49.996764,75.79110032,134.3953247,37.18172078
AAAAAAAAAABHAAAA,46.087065,82.34814356,156.2101995,45.50108911
AAAAAAAAAABHCAAA,49.576471,76.13205882,252.7238348,40.90085799
AAAAAAAAAABHDAAA,45.993617,69.37759062,150.3417484,35.3433758
AAAAAAAAAABHFAAA,51.879679,78.1536828,185.2013441,38.32083333
